estimate,statistic,p.value,parameter,conf.low,conf.high,method,alternative
-0.1470529638801116,-7.178416977228049,0.018859060537636512,2,-0.23519465841578283,-0.05891126934444036,Paired t-test,two.sided
