Host,Phenotype,Plate_type,Cells_colony_mean,Cells_colony_sd,Extinction_mean,Extinction_sd,n,Cells_colony_se,Extinction_se
nalR,Anc,Tet50/Nal50,29616666.666666668,32044631.18839098,0.3639167010162569,0.1617797997344457,9,10681543.729463661,0.0539265999114819
nalR,Mut,Tet50/Nal50,236366666.66666666,162313131.01533097,0.1394386308062856,0.1464460900454488,9,54104377.00511032,0.04881536334848294
nalR,F,Nal50,NA,NA,0.18567154778774997,0.05125995308743288,2,NA,0.03624626043142809
rifR,Anc,Tet50/Rif75,NA,NA,0,0,2,NA,0
rifR,Mut,Tet50/Rif75,NA,NA,0,0,2,NA,0
