"","Time","A1","M1","F1","A2","M2","F2","C","Phase","Type","Cycle"
"1",0,1e+05,1e+07,0,0,0,1e+07,1e+09,"conj","start",1
"501",5,1093333.18400232,285101011.983851,0,607.434230084981,1120.09361215283,139814925.784512,594089001.519792,"conj","end",1
"11",5,0,0,0,303.717115042491,560.046806076413,0,1e+09,"tselect","start",1
"2",77,0,0,0,636863.012191234,9363136.98780877,0,1e+09,"tselect","end",1
