Cycle,Phase,Time,Genotype,Frequency
1,conj,0,Ancestor,0.009900990099009901
1,conj,0,Mutant,0.9900990099009901
1,conj,5,Ancestor,0.35162051530128785
1,conj,5,Mutant,0.6483794846987122
1,tselect,5,Ancestor,0.35162051530128907
1,tselect,5,Mutant,0.648379484698711
1,tselect,77,Ancestor,0.06368630121912339
1,tselect,77,Mutant,0.9363136987808766
