estimate,statistic,p.value,parameter,conf.low,conf.high,method,alternative
2.215678970722779,5.8859011669590755,0.02767260854371793,2,0.5959954420314234,3.835362499414135,Paired t-test,two.sided
