estimate,statistic,p.value,parameter,conf.low,conf.high,method,alternative
-0.1470529638801116,-7.178416977228051,0.0188590605376365,2,-0.23519465841578283,-0.05891126934444038,Paired t-test,two.sided
