estimate,statistic,p.value,parameter,conf.low,conf.high,method,alternative
2.2272628666267753,5.9163693436256075,0.02739990185956593,2,0.6074960643248981,3.8470296689286525,Paired t-test,two.sided
