Genotype,Growth_rate_mean,Growth_rate_sd,n.x,Growth_rate_se,Conjugation_rate_mean,Conjugation_rate_sd,n.y,Conjugation_rate_se
Anc,0.48526903573311464,0.16891331681274313,6,0.06895857282538329,2.301311836323581e-12,1.7517163862137898e-12,3,1.0113539271244098e-12
F,0.5352554675483531,0.09535448427935968,6,0.03892830519511189,NA,NA,NA,NA
Mut,0.6799982517476981,0.05168950288384104,6,0.02110215118725502,1.6259846057129958e-14,1.6106659288264762e-14,3,9.299184075825251e-15
